,request_type,Latitude,Longitude,Address,AdditionalData,StatusType,InitialBoundaryName,date,geometry
0,Flooding Issues,26.0182665,-80.1757121,"Johnson S/N Park R, Hollywood, FL 33021",Select a Request Type=Flooding Issues,Received,"Hollywood, FL - City Limits;District 3;Code Enforcement Zone 8",2024-05-02 20:11:13,POINT (-80.1757121 26.0182665)
1,Flooding Issues,26.015938,-80.1634569,"2807 Pierce St, Hollywood, FL 33020",Select a Request Type=Flooding Issues,Received,"Hollywood, FL - City Limits;District 3;Code Enforcement Zone 7",2024-05-02 15:17:18,POINT (-80.1634569 26.015938)
2,Flooding Issues,26.0184217,-80.1634725,"2746 Johnson St, Hollywood, FL 33020",Select a Request Type=Flooding Issues,Completed,"Hollywood, FL - City Limits;District 3;Code Enforcement Zone 7",2024-05-01 9:48:57,POINT (-80.1634725 26.0184217)
3,Flooding Issues,26.002523,-80.1871532,"1600 Tallwood Ave, Hollywood, FL 33021",Select a Request Type=Flooding Issues,Completed,"Hollywood, FL - City Limits;District 6;Code Enforcement Zone 9",2024-04-17 17:24:07,POINT (-80.1871532 26.002523)
4,Flooding Issues,26.0301109,-80.1350128,"2125 N 14th Ave, Hollywood, FL 33020",Select a Request Type=Flooding Issues,Completed,"Hollywood, FL - City Limits;District 1;Code Enforcement Zone 1",2024-03-26 14:11:11,POINT (-80.1350128 26.0301109)
5,Flooding Issues,26.0223731,-80.1323279,"1237 Garfield St, Hollywood, FL 33019",Select a Request Type=Flooding Issues,Completed,"Hollywood, FL - City Limits;District 1;Code Enforcement Zone 1",2024-03-25 10:20:16,POINT (-80.1323279 26.0223731)
6,Flooding Issues,26.0184436,-80.1660685,"812 N 29th Ave, Hollywood, FL 33020",Select a Request Type=Flooding Issues,Duplicate,"Hollywood, FL - City Limits;District 3;Code Enforcement Zone 7",2024-03-25 6:52:31,POINT (-80.1660685 26.0184436)
7,Flooding Issues,26.0175998,-80.16621,"804 N 29th Ave, Hollywood, FL 33020",Select a Request Type=Flooding Issues,Completed,"Hollywood, FL - City Limits;District 3;Code Enforcement Zone 7",2024-03-21 17:05:24,POINT (-80.16621 26.0175998)
8,Flooding Issues,26.0256526,-80.1575447,"1630 N 25th Ave, Hollywood, FL 33020",Select a Request Type=Flooding Issues,Completed,"Hollywood, FL - City Limits;District 3;Code Enforcement Zone 7",2024-03-18 13:07:11,POINT (-80.1575447 26.0256526)
9,Flooding Issues,26.029352,-80.1552249,"2346 Scott St, Hollywood, FL 33020",Select a Request Type=Flooding Issues,Completed,"Hollywood, FL - City Limits;District 2;Code Enforcement Zone 3",2024-03-04 12:17:48,POINT (-80.1552249 26.029352)
10,Flooding Issues,26.0081177,-80.1324909,"1253 Monroe St, Hollywood, FL 33019",Select a Request Type=Flooding Issues,Completed,"Hollywood, FL - City Limits;District 1;Code Enforcement Zone 2",2024-02-27 13:25:56,POINT (-80.1324909 26.0081177)
11,Flooding Issues,26.0104979,-80.1218997,"817 N Southlake Dr, Hollywood, FL 33019",Select a Request Type=Flooding Issues,Received,"Hollywood, FL - City Limits;District 1;Code Enforcement Zone 2",2024-02-20 17:15:56,POINT (-80.1218997 26.0104979)
12,Flooding Issues,26.0177712,-80.1263274,"1015 Buchanan St, Hollywood, FL 33019",Select a Request Type=Flooding Issues,Completed,"Hollywood, FL - City Limits;District 1;Code Enforcement Zone 1",2024-02-19 8:58:49,POINT (-80.1263274 26.0177712)
13,Flooding Issues,26.0133583,-80.1603236,"2626 Taylor St, Hollywood, FL 33020",Select a Request Type=Flooding Issues,Completed,"Hollywood, FL - City Limits;District 3;Code Enforcement Zone 7",2024-02-05 11:13:33,POINT (-80.1603236 26.0133583)
14,Flooding Issues,26.0318208,-80.1349511,"1401 Liberty St, Hollywood, FL 33020",Select a Request Type=Flooding Issues,Completed,"Hollywood, FL - City Limits;District 1;Code Enforcement Zone 1",2024-02-01 14:19:03,POINT (-80.1349511 26.0318208)
15,Flooding Issues,26.0075749,-80.1445293,"1850 Monroe St, Hollywood, FL 33020",Select a Request Type=Flooding Issues,Completed,"Hollywood, FL - City Limits;District 2;Code Enforcement Zone 204",2024-01-30 18:42:27,POINT (-80.1445293 26.0075749)
16,Flooding Issues,26.0530428,-80.1876373,"5630 Oak Tree Ave, Fort Lauderdale, FL 33312",Select a Request Type=Flooding Issues,Completed,"Hollywood, FL - City Limits;District 4;Code Enforcement Zone 5",2024-01-11 14:16:19,POINT (-80.1876373 26.0530428)
17,Flooding Issues,26.0051729,-80.2117284,"600 S 62nd Ave, Hollywood, FL 33023",Select a Request Type=Flooding Issues,Completed,"Hollywood, FL - City Limits;District 6;Code Enforcement Zone 10",2023-12-28 14:56:54,POINT (-80.2117284 26.0051729)
18,Flooding Issues,26.0219444,-80.1342007,"1125 N 13th Terrace, Hollywood, FL 33019",Select a Request Type=Flooding Issues,Completed,"Hollywood, FL - City Limits;District 1;Code Enforcement Zone 1",2023-12-19 9:26:11,POINT (-80.1342007 26.0219444)
19,Flooding Issues,26.0304711,-80.134994,"2106 N 14th Ave, Hollywood, FL 33020",Select a Request Type=Flooding Issues,Completed,"Hollywood, FL - City Limits;District 1;Code Enforcement Zone 1",2023-12-18 16:27:40,POINT (-80.134994 26.0304711)
20,Flooding Issues,26.0247594,-80.1365968,"1408 S Gabriel St, Hollywood, FL 33020",Select a Request Type=Flooding Issues,Completed,"Hollywood, FL - City Limits;District 1;Code Enforcement Zone 1",2023-12-06 12:32:09,POINT (-80.1365968 26.0247594)
21,Flooding Issues,26.0063037,-80.1300982,"1200 Jefferson St, Hollywood, FL 33019",Select a Request Type=Flooding Issues,Completed,"Hollywood, FL - City Limits;District 1;Code Enforcement Zone 2",2023-11-29 17:09:30,POINT (-80.1300982 26.0063037)
22,Flooding Issues,26.0059081,-80.1816813,"541 S Rainbow Dr, Hollywood, FL 33021",Select a Request Type=Flooding Issues,Completed,"Hollywood, FL - City Limits;District 6;Code Enforcement Zone 9",2023-11-29 8:36:36,POINT (-80.1816813 26.0059081)
23,Flooding Issues,26.0173439,-80.1266946,"1028 Buchanan St, Hollywood, FL 33019",Select a Request Type=Flooding Issues,Completed,"Hollywood, FL - City Limits;District 1;Code Enforcement Zone 1",2023-11-28 23:42:38,POINT (-80.1266946 26.0173439)
24,Flooding Issues,26.0314859,-80.1574407,"2230 N 25th Ave, Hollywood, FL 33020",Select a Request Type=Flooding Issues,Completed,"Hollywood, FL - City Limits;District 3;Code Enforcement Zone 7",2023-11-16 9:45:13,POINT (-80.1574407 26.0314859)
25,Flooding Issues,26.0397716,-80.221145,"3331 N 66th Ave, Hollywood, FL 33024",Select a Request Type=Flooding Issues,Completed,"Hollywood, FL - City Limits;District 4;Code Enforcement Zone 6",2023-11-16 9:02:45,POINT (-80.221145 26.0397716)
26,Flooding Issues,25.996937,-80.1366239,"Moffett St & NE 12th Ave, Hollywood, FL 33020",Select a Request Type=Flooding Issues,Completed,"Hollywood, FL - City Limits;District 1;Code Enforcement Zone 2",2023-11-15 9:29:46,POINT (-80.1366239 25.996937)
27,Flooding Issues,26.0222612,-80.1318235,"1200 Arthur St, Hollywood, FL 33019",Select a Request Type=Flooding Issues,Completed,"Hollywood, FL - City Limits;District 1;Code Enforcement Zone 1",2023-11-14 20:15:56,POINT (-80.1318235 26.0222612)
28,Flooding Issues,26.0284331,-80.1652193,"1918 N 28th Ave, Hollywood, FL 33020",Select a Request Type=Flooding Issues,Completed,"Hollywood, FL - City Limits;District 3;Code Enforcement Zone 7",2023-11-14 14:44:56,POINT (-80.1652193 26.0284331)
29,Flooding Issues,25.999562,-80.1350362,"1406 Wiley St, Hollywood, FL 33020",Select a Request Type=Flooding Issues,Completed,"Hollywood, FL - City Limits;District 1;Code Enforcement Zone 2",2023-11-14 12:47:28,POINT (-80.1350362 25.999562)
30,Flooding Issues,26.0187149,-80.174937,"3251 Johnson St, Hollywood, FL 33021",Select a Request Type=Flooding Issues,Completed,"Hollywood, FL - City Limits;District 3;Code Enforcement Zone 7",2023-11-13 15:51:20,POINT (-80.174937 26.0187149)
31,Flooding Issues,26.0107896,-80.1613592,"2660 Hollywood Blvd, Hollywood, FL 33020",Select a Request Type=Flooding Issues,Completed,"Hollywood, FL - City Limits;District 2;Code Enforcement Zone 4",2023-11-03 8:26:52,POINT (-80.1613592 26.0107896)
32,Flooding Issues,26.0294586,-80.1353193,"1401 Coolidge St, Hollywood, FL 33020",Select a Request Type=Flooding Issues,Completed,"Hollywood, FL - City Limits;District 1;Code Enforcement Zone 1",2023-10-30 9:45:33,POINT (-80.1353193 26.0294586)
33,Flooding Issues,26.0145917,-80.2104491,"6111 Eaton St, Hollywood, FL 33024",Select a Request Type=Flooding Issues,Completed,"Hollywood, FL - City Limits;District 6;Code Enforcement Zone 10",2023-10-25 12:54:42,POINT (-80.2104491 26.0145917)
34,Flooding Issues,26.0245358,-80.1655653,"1606 N 29th Ave, Hollywood, FL 33020",Select a Request Type=Flooding Issues,Completed,"Hollywood, FL - City Limits;District 3;Code Enforcement Zone 7",2023-10-23 19:08:40,POINT (-80.1655653 26.0245358)
35,Flooding Issues,26.029696,-80.1350584,"1400 Scott St, Hollywood, FL 33020",Select a Request Type=Flooding Issues,Completed,"Hollywood, FL - City Limits;District 1;Code Enforcement Zone 1",2023-10-16 7:43:35,POINT (-80.1350584 26.029696)
36,Flooding Issues,26.023887,-80.1393381,"1400 N 16th Ave, Hollywood, FL 33020",Select a Request Type=Flooding Issues,Completed,"Hollywood, FL - City Limits;District 1;Code Enforcement Zone 1",2023-10-11 13:56:40,POINT (-80.1393381 26.023887)
37,Flooding Issues,26.0186535,-80.1748021,"3247 Johnson St, Hollywood, FL 33021",Select a Request Type=Flooding Issues,Completed,"Hollywood, FL - City Limits;District 3;Code Enforcement Zone 7",2023-10-02 14:27:58,POINT (-80.1748021 26.0186535)
38,Flooding Issues,26.0162048,-80.1658612,"2905 Pierce St, Hollywood, FL 33020",Select a Request Type=Flooding Issues,Completed,"Hollywood, FL - City Limits;District 3;Code Enforcement Zone 7",2023-10-02 12:21:43,POINT (-80.1658612 26.0162048)
39,Flooding Issues,26.0301109,-80.1350128,"2125 N 14th Ave, Hollywood, FL 33020",Select a Request Type=Flooding Issues,Completed,"Hollywood, FL - City Limits;District 1;Code Enforcement Zone 1",2023-10-02 9:20:39,POINT (-80.1350128 26.0301109)
40,Flooding Issues,26.0111618,-80.1307466,"1209 Harrison St, Hollywood, FL 33019",Select a Request Type=Flooding Issues,Completed,"Hollywood, FL - City Limits;District 1;Code Enforcement Zone 2",2023-10-01 11:09:53,POINT (-80.1307466 26.0111618)
41,Flooding Issues,26.0159292,-80.165978,"2915 Pierce St, Hollywood, FL 33020",Select a Request Type=Flooding Issues,Completed,"Hollywood, FL - City Limits;District 3;Code Enforcement Zone 7",2023-09-27 11:12:04,POINT (-80.165978 26.0159292)
42,Flooding Issues,26.0285102,-80.1649672,"1922 N 28th Ave, Hollywood, FL 33020",Select a Request Type=Flooding Issues,Completed,"Hollywood, FL - City Limits;District 3;Code Enforcement Zone 7",2023-09-27 10:53:43,POINT (-80.1649672 26.0285102)
43,Flooding Issues,26.0055436,-80.1536519,"2331 Adams St, Hollywood, FL 33020",Select a Request Type=Flooding Issues,Completed,"Hollywood, FL - City Limits;District 2;Code Enforcement Zone 204",2023-09-27 8:40:19,POINT (-80.1536519 26.0055436)
44,Flooding Issues,26.0205683,-80.238688,"7509 Arthur St, Hollywood, FL 33024",Select a Request Type=Flooding Issues,Completed,"Hollywood, FL - City Limits;District 5;Code Enforcement Zone 11",2023-09-24 7:31:09,POINT (-80.238688 26.0205683)
45,Flooding Issues,26.0172854,-80.2152473,"6320 Johnson St suite c, Hollywood, FL 33024",Select a Request Type=Flooding Issues,Completed,"Hollywood, FL - City Limits;District 5;Code Enforcement Zone 11",2023-09-05 23:18:09,POINT (-80.2152473 26.0172854)
46,Flooding Issues,26.011072,-80.1470842,"2000 Hollywood Blvd, Hollywood, FL 33020",Select a Request Type=Flooding Issues,Completed,"Hollywood, FL - City Limits;District 2;Code Enforcement Zone 204",2023-08-30 9:46:25,POINT (-80.1470842 26.011072)
47,Flooding Issues,26.0425307,-80.1769134,"3541 N 33rd Terrace, Hollywood, FL 33021",Select a Request Type=Flooding Issues,Completed,"Hollywood, FL - City Limits;District 4;Code Enforcement Zone 5",2023-08-28 12:43:10,POINT (-80.1769134 26.0425307)
48,Flooding Issues,26.010322,-80.162431,"2724-2736 Hollywood Blvd, Hollywood, FL 33020",Select a Request Type=Flooding Issues,Completed,"Hollywood, FL - City Limits;District 2;Code Enforcement Zone 4",2023-08-28 7:26:30,POINT (-80.162431 26.010322)
49,Flooding Issues,26.0225669,-80.1365922,"1430 Arthur St, Hollywood, FL 33020",Select a Request Type=Flooding Issues,Completed,"Hollywood, FL - City Limits;District 1;Code Enforcement Zone 1",2023-08-23 13:15:54,POINT (-80.1365922 26.0225669)
50,Flooding Issues,26.0341152,-80.190239,"2307 St Andrews Rd, Hollywood, FL 33021",Select a Request Type=Flooding Issues,Completed,"Hollywood, FL - City Limits;District 4;Code Enforcement Zone 5",2023-08-21 7:42:35,POINT (-80.190239 26.0341152)
51,Flooding Issues,26.0113275,-80.1469833,"1948 FL-820, Hollywood, FL 33020",Select a Request Type=Flooding Issues,Completed,"Hollywood, FL - City Limits;District 2;Code Enforcement Zone 204",2023-08-17 16:51:03,POINT (-80.1469833 26.0113275)
52,Flooding Issues,26.0172203,-80.2157977,"6390 Johnson St, Hollywood, FL 33024",Select a Request Type=Flooding Issues,Completed,"Hollywood, FL - City Limits;District 5;Code Enforcement Zone 11",2023-08-14 22:53:39,POINT (-80.2157977 26.0172203)
53,Flooding Issues,26.0195056,-80.1338165,"906 N 13th Terrace, Hollywood, FL 33019",Select a Request Type=Flooding Issues,Completed,"Hollywood, FL - City Limits;District 1;Code Enforcement Zone 1",2023-08-09 17:22:51,POINT (-80.1338165 26.0195056)
54,Flooding Issues,26.0248957,-80.1571947,"2444 Roosevelt St, Hollywood, FL 33020",Select a Request Type=Flooding Issues,Completed,"Hollywood, FL - City Limits;District 3;Code Enforcement Zone 7",2023-08-09 16:29:22,POINT (-80.1571947 26.0248957)
55,Flooding Issues,26.0174313,-80.2175396,"6440 Johnson St, Hollywood, FL 33024",Select a Request Type=Flooding Issues,Completed,"Hollywood, FL - City Limits;District 5;Code Enforcement Zone 11",2023-08-07 18:16:46,POINT (-80.2175396 26.0174313)
56,Flooding Issues,26.0104311,-80.1895909,"Hollywood Blvd & St 46 Av, Hollywood, FL 33021",Select a Request Type=Flooding Issues,Completed,"Hollywood, FL - City Limits;District 3;Code Enforcement Zone 8",2023-08-07 15:03:18,POINT (-80.1895909 26.0104311)
57,Flooding Issues,26.0173971,-80.1652508,"2847 Lincoln St, Hollywood, FL 33020",Select a Request Type=Flooding Issues,Completed,"Hollywood, FL - City Limits;District 3;Code Enforcement Zone 7",2023-08-04 7:32:52,POINT (-80.1652508 26.0173971)
58,Flooding Issues,26.0173971,-80.1652508,"2847 Lincoln St, Hollywood, FL 33020",Select a Request Type=Flooding Issues,Completed,"Hollywood, FL - City Limits;District 3;Code Enforcement Zone 7",2023-08-03 12:14:12,POINT (-80.1652508 26.0173971)
59,Flooding Issues,26.0061484,-80.1661956,"2927 Madison St, Hollywood, FL 33020",Select a Request Type=Flooding Issues,Completed,"Hollywood, FL - City Limits;District 2;Code Enforcement Zone 4",2023-08-01 16:16:11,POINT (-80.1661956 26.0061484)
60,Flooding Issues,26.024732,-80.1803745,"3608 Taft St, Hollywood, FL 33021",Select a Request Type=Flooding Issues,Completed,"Hollywood, FL - City Limits;District 3;Code Enforcement Zone 8",2023-07-31 16:07:08,POINT (-80.1803745 26.024732)
61,Flooding Issues,26.007846,-80.1832384,"312 S Rainbow Dr, Hollywood, FL 33021",Select a Request Type=Flooding Issues,Completed,"Hollywood, FL - City Limits;District 6;Code Enforcement Zone 9",2023-07-29 14:07:48,POINT (-80.1832384 26.007846)
62,Flooding Issues,26.0119079,-80.130286,"68 N 12th Ave, Hollywood, FL 33019",Select a Request Type=Flooding Issues,Completed,"Hollywood, FL - City Limits;District 1;Code Enforcement Zone 1",2023-07-29 7:49:37,POINT (-80.130286 26.0119079)
63,Flooding Issues,25.9987264,-80.1539008,"2406 Wiley St, Hollywood, FL 33020",Select a Request Type=Flooding Issues,Completed,"Hollywood, FL - City Limits;District 2;Code Enforcement Zone 4",2023-07-29 7:38:38,POINT (-80.1539008 25.9987264)
64,Flooding Issues,26.0323614,-80.1595464,"2318 N 26th Ave, Hollywood, FL 33020",Select a Request Type=Flooding Issues,In Process,"Hollywood, FL - City Limits;District 3;Code Enforcement Zone 7",2023-07-29 7:11:32,POINT (-80.1595464 26.0323614)
65,Flooding Issues,26.0301109,-80.1350128,"2125 N 14th Ave, Hollywood, FL 33020",Select a Request Type=Flooding Issues,Completed,"Hollywood, FL - City Limits;District 1;Code Enforcement Zone 1",2023-07-28 12:44:31,POINT (-80.1350128 26.0301109)
66,Flooding Issues,26.0315065,-80.1617189,"2651 Thomas St, Hollywood, FL 33020",Select a Request Type=Flooding Issues,Completed,"Hollywood, FL - City Limits;District 3;Code Enforcement Zone 7",2023-07-28 12:39:25,POINT (-80.1617189 26.0315065)
67,Flooding Issues,26.0227837,-80.1352069,"1328 Arthur St, Hollywood, FL 33019",Select a Request Type=Flooding Issues,Completed,"Hollywood, FL - City Limits;District 1;Code Enforcement Zone 1",2023-07-28 7:12:39,POINT (-80.1352069 26.0227837)
68,Flooding Issues,26.0171792,-80.1634884,"700 N 28th Ave, Hollywood, FL 33020",Select a Request Type=Flooding Issues,Completed,"Hollywood, FL - City Limits;District 3;Code Enforcement Zone 7",2023-07-28 7:02:57,POINT (-80.1634884 26.0171792)
69,Flooding Issues,26.0172022,-80.1295785,"1135 N North Lake Dr, Hollywood, FL 33019",Select a Request Type=Flooding Issues,Completed,"Hollywood, FL - City Limits;District 1;Code Enforcement Zone 1",2023-07-27 20:45:39,POINT (-80.1295785 26.0172022)
70,Flooding Issues,26.0406857,-80.1772463,"3360 N 34th St, Hollywood, FL 33021",Select a Request Type=Flooding Issues,Completed,"Hollywood, FL - City Limits;District 4;Code Enforcement Zone 5",2023-07-27 20:18:42,POINT (-80.1772463 26.0406857)
71,Flooding Issues,26.0154901,-80.1702204,"601 N 31st Ave, Hollywood, FL 33021",Select a Request Type=Flooding Issues,Completed,"Hollywood, FL - City Limits;District 3;Code Enforcement Zone 7",2023-07-27 20:17:12,POINT (-80.1702204 26.0154901)
72,Flooding Issues,26.0154901,-80.1702204,"601 N 31st Ave, Hollywood, FL 33021",Select a Request Type=Flooding Issues,Completed,"Hollywood, FL - City Limits;District 3;Code Enforcement Zone 7",2023-07-27 20:01:00,POINT (-80.1702204 26.0154901)
73,Maintenance Required,26.0377248,-80.2277507,"Driftwood Park, 3000 N 69th Ave, Hollywood, FL 33024",Select a Request Type=Maintenance Required|What is the maintenance issue=Other,In Process,"Hollywood, FL - City Limits;District 5;Code Enforcement Zone 12",2023-04-12 17:41:21,POINT (-80.2277507 26.0377248)
74,Missed Pick-up,26.019876,-80.1325178,"911 N 13th Ave, Hollywood, FL 33019",Select a Request Type=Missed Pick-up|What type of pick-up was missed=Recycling,Completed,"Hollywood, FL - City Limits;District 1;Code Enforcement Zone 1",2023-08-07 19:58:02,POINT (-80.1325178 26.019876)
75,Missed Pick-up,25.9995304,-80.1348151,"1402 Wiley St, Hollywood, FL 33020",Select a Request Type=Missed Pick-up|What type of pick-up was missed=Brush/Hard Junk,Completed,"Hollywood, FL - City Limits;District 1;Code Enforcement Zone 2",2023-04-24 7:16:52,POINT (-80.1348151 25.9995304)
76,Other Requests,26.0119079,-80.130286,"68 N 12th Ave, Hollywood, FL 33019",Select a Request Type=Other Requests,Completed,"Hollywood, FL - City Limits;District 1;Code Enforcement Zone 1",2023-11-15 12:38:38,POINT (-80.130286 26.0119079)
77,Other Requests,26.0419674,-80.2211809,"3701 N 66th Ave, Hollywood, FL 33024",Select a Request Type=Other Requests,In Process,"Hollywood, FL - City Limits;District 4;Code Enforcement Zone 6",2023-10-09 10:04:42,POINT (-80.2211809 26.0419674)
78,Other Requests,26.0264019,-80.1759559,"3310 Wilson St, Hollywood, FL 33021",Select a Request Type=Other Requests,Referred to Dept,"Hollywood, FL - City Limits;District 3;Code Enforcement Zone 8",2023-08-24 23:31:48,POINT (-80.1759559 26.0264019)
79,Other Requests,26.0317043,-80.229343,"Sheridan St & N 70 Ter, Hollywood, FL 33024",Select a Request Type=Other Requests,Received,"Hollywood, FL - City Limits;District 5;Code Enforcement Zone 12",2023-08-14 16:25:36,POINT (-80.229343 26.0317043)
80,Other Requests,26.0304262,-80.1350053,"2106 N 14th Ave, Hollywood, FL 33020",Select a Request Type=Other Requests,Completed,"Hollywood, FL - City Limits;District 1;Code Enforcement Zone 1",2023-08-04 22:53:22,POINT (-80.1350053 26.0304262)
81,Other Requests,25.9970013,-80.1346131,"1405 Moffett St, Hollywood, FL 33020",Select a Request Type=Other Requests,Referred to Dept,"Hollywood, FL - City Limits;District 1;Code Enforcement Zone 2",2023-06-01 11:39:33,POINT (-80.1346131 25.9970013)
82,Other Requests,25.9995275,-80.134871,"1402 Wiley St, Hollywood, FL 33020",Select a Request Type=Other Requests,Completed,"Hollywood, FL - City Limits;District 1;Code Enforcement Zone 2",2023-05-04 10:43:46,POINT (-80.134871 25.9995275)
83,Other Requests,26.0285205,-80.1354656,"1407 Harding St, Hollywood, FL 33020",Select a Request Type=Other Requests,Referred to Dept,"Hollywood, FL - City Limits;District 1;Code Enforcement Zone 1",2023-03-09 21:24:23,POINT (-80.1354656 26.0285205)
84,Other Requests,26.0183391,-80.1589719,"2542 Johnson St, Hollywood, FL 33020",Select a Request Type=Other Requests,Completed,"Hollywood, FL - City Limits;District 3;Code Enforcement Zone 7",2023-02-22 14:09:16,POINT (-80.1589719 26.0183391)
85,Other Requests,26.0129226,-80.1286333,"1111 Tyler St, Hollywood, FL, 33019",Select a Request Type=Other Requests,Completed,"Hollywood, FL - City Limits;District 1;Code Enforcement Zone 1",2021-11-05 7:22:46,POINT (-80.1286333 26.0129226)
86,Other Signs,26.0171792,-80.1634884,"N 28th Ave & Lincoln St, Hollywood, FL 33020",Select a Request Type=Other Signs,Received,"Hollywood, FL - City Limits;District 3;Code Enforcement Zone 7",2023-04-14 8:01:26,POINT (-80.1634884 26.0171792)
87,Police Issues,26.0162048,-80.1658612,"2905 Pierce St, Hollywood, FL 33020",Select a Request Type=Police Issues,Received,"Hollywood, FL - City Limits;District 3;Code Enforcement Zone 7",2023-09-19 17:47:59,POINT (-80.1658612 26.0162048)
88,Pothole or road issue,26.0217816,-80.1838984,"1300 N 40th Ave, Hollywood, FL 33021",Select a Request Type=Pothole or road issue,In Process,"Hollywood, FL - City Limits;District 3;Code Enforcement Zone 8",2023-11-28 13:57:34,POINT (-80.1838984 26.0217816)
89,Pothole or road issue,26.0236261,-80.1850586,"1501 N Yale Dr, Hollywood, FL 33021",Select a Request Type=Pothole or road issue,In Process,"Hollywood, FL - City Limits;District 3;Code Enforcement Zone 8",2023-11-28 13:56:05,POINT (-80.1850586 26.0236261)
90,Pothole or road issue,26.0341849,-80.1902967,"4603 W St Andrews Rd, Hollywood, FL, 33021",Select a Request Type=Pothole or road issue,Completed,"Hollywood, FL - City Limits;District 4;Code Enforcement Zone 5",2023-08-10 12:46:24,POINT (-80.1902967 26.0341849)
91,Pothole or road issue,26.0279283,-80.1625256,"2671 Harding St, Hollywood, FL 33020",Select a Request Type=Pothole or road issue,Completed,"Hollywood, FL - City Limits;District 3;Code Enforcement Zone 7",2023-05-18 17:40:50,POINT (-80.1625256 26.0279283)
92,Pothole or road issue,26.0375834,-80.1896116,"4500 Casper Ct, Hollywood, FL 33021",Select a Request Type=Pothole or road issue,Completed,"Hollywood, FL - City Limits;District 4;Code Enforcement Zone 5",2023-05-12 15:41:18,POINT (-80.1896116 26.0375834)
93,Pothole or road issue,26.0286669,-80.1921164,"4800 W Park Rd, Hollywood, FL 33021",Select a Request Type=Pothole or road issue,Completed,"Hollywood, FL - City Limits;District 3;Code Enforcement Zone 8",2023-04-21 16:29:49,POINT (-80.1921164 26.0286669)
94,Pothole or road issue,26.0298886,-80.1754925,"2126 N Park Rd, Hollywood, FL, 33021",Select a Request Type=Pothole or road issue,Completed,"Hollywood, FL - City Limits;District 3;Code Enforcement Zone 8",2023-04-18 8:48:48,POINT (-80.1754925 26.0298886)
95,Pothole or road issue,26.0187701,-80.1740843,"3229 Johnson St, Hollywood, FL 33021",Select a Request Type=Pothole or road issue,Completed,"Hollywood, FL - City Limits;District 3;Code Enforcement Zone 7",2022-11-29 14:37:45,POINT (-80.1740843 26.0187701)
96,Pothole or road issue,26.0164443,-80.1743889,"3241 Buchanan St, Hollywood, FL 33021",Select a Request Type=Pothole or road issue,Completed,"Hollywood, FL - City Limits;District 3;Code Enforcement Zone 7",2022-11-25 9:19:27,POINT (-80.1743889 26.0164443)
97,Pothole or road issue,26.0298483,-80.155523,"2403 Scott St, Hollywood, FL, 33020",Select a Request Type=Pothole or road issue,Completed,"Hollywood, FL - City Limits",2022-10-24 14:11:44,POINT (-80.155523 26.0298483)
98,Property Standards,26.0169402,-80.1645632,"2834 Lincoln St, Hollywood, FL 33020",Select a Request Type=Property Standards|What is the issue=Work Without a Permit|Name=Kayla Madera|Your Home Address=.. Lincoln st,Completed,"Hollywood, FL - City Limits;District 3;Code Enforcement Zone 7",2024-04-23 14:12:21,POINT (-80.1645632 26.0169402)
99,Property Standards,26.0570629,-80.1914932,"5298 SW 34th Terrace, Fort Lauderdale, FL 33312",Select a Request Type=Property Standards|What is the issue=Work Without a Permit|Name=Harold Zombeck|Your Home Address=5298 SW 34 Terrace,Completed,"Hollywood, FL - City Limits;District 4;Code Enforcement Zone 5",2023-11-21 21:50:40,POINT (-80.1914932 26.0570629)
100,Repair/Replace Cart and/or lid,25.9995275,-80.134871,"1402 Wiley St, Hollywood, FL 33020",Select a Request Type=Repair/Replace Cart and/or lid,In Process,"Hollywood, FL - City Limits;District 1;Code Enforcement Zone 2",2023-11-29 23:19:11,POINT (-80.134871 25.9995275)
101,Repair/Replace Cart and/or lid,26.0232293,-80.1690004,"1341 N 30th Rd, Hollywood, FL 33021",Select a Request Type=Repair/Replace Cart and/or lid,Completed,"Hollywood, FL - City Limits;District 3;Code Enforcement Zone 7",2023-08-21 17:12:00,POINT (-80.1690004 26.0232293)
102,Repair/Replace Cart and/or lid,25.9995138,-80.1355992,"1418 Wiley St, Hollywood, FL 33020",Select a Request Type=Repair/Replace Cart and/or lid,In Process,"Hollywood, FL - City Limits;District 1;Code Enforcement Zone 2",2023-04-18 12:37:43,POINT (-80.1355992 25.9995138)
103,Repair/Replace Cart and/or lid,26.030366,-80.1742761,"3215 Liberty St, Hollywood, FL 33021",Select a Request Type=Repair/Replace Cart and/or lid,Completed,"Hollywood, FL - City Limits;District 3;Code Enforcement Zone 7",2023-04-17 19:14:14,POINT (-80.1742761 26.030366)
104,Repair/Replace Cart and/or lid,26.0136128,-80.1253737,"215 N 10th Ave, Hollywood, FL 33019",Select a Request Type=Repair/Replace Cart and/or lid,Completed,"Hollywood, FL - City Limits;District 1;Code Enforcement Zone 1",2023-04-15 16:39:36,POINT (-80.1253737 26.0136128)
105,Sewer,26.0199823,-80.1329624,"914 N 13th Ave, Hollywood, FL 33019",Select a Request Type=Sewage Spills/Odors,Completed,"Hollywood, FL - City Limits;District 1;Code Enforcement Zone 1",2023-06-18 13:41:33,POINT (-80.1329624 26.0199823)
106,Sewer,26.022026,-80.1719992,"1040 N 31st Rd, Hollywood, FL 33021",Select a Request Type=Sewage Spills/Odors,Completed,"Hollywood, FL - City Limits;District 3;Code Enforcement Zone 7",2023-04-17 13:58:10,POINT (-80.1719992 26.022026)
107,Sewer,26.0109472,-80.1308029,"1215 Harrison St, Hollywood, FL 33019",Select a Request Type=Sewage Spills/Odors,Completed,"Hollywood, FL - City Limits;District 1;Code Enforcement Zone 2",2022-09-25 10:07:54,POINT (-80.1308029 26.0109472)
108,Sewer,26.022877,-80.162614,"2720 Cleveland St, Hollywood, FL, 33020",Select a Request Type=Sewage Spills/Odors,Completed,"Hollywood, FL - City Limits;District 3;Code Enforcement Zone 7",2022-06-04 10:50:18,POINT (-80.162614 26.022877)
109,Sewer,26.0161357,-80.1451299,"1900 Pierce St, Hollywood, FL, 33020",Select a Request Type=Sewage Spills/Odors,Completed,"Hollywood, FL - City Limits;District 2;Code Enforcement Zone 204",2022-06-04 10:37:22,POINT (-80.1451299 26.0161357)
110,Sewer,26.016173,-80.1451456,"604 N 19th Ave, Hollywood, FL, 33020",Select a Request Type=Sewage Spills/Odors,Completed,"Hollywood, FL - City Limits;District 2;Code Enforcement Zone 204",2022-06-04 10:34:14,POINT (-80.1451456 26.016173)
111,Sewer,26.0197208,-80.1372203,"925 N 15 Ave, Hollywood, FL, 33020",Select a Request Type=Sewage Spills/Odors,Completed,"Hollywood, FL - City Limits;District 1;Code Enforcement Zone 1",2022-01-20 23:03:58,POINT (-80.1372203 26.0197208)
112,Sewer,26.0179002,-80.1372921,"1505 Johnson St, Hollywood, FL, 330203710",Select a Request Type=Sewage Spills/Odors,Completed,"Hollywood, FL - City Limits;District 1;Code Enforcement Zone 1",2021-11-05 10:15:16,POINT (-80.1372921 26.0179002)
113,Sidewalk Issues,26.0046882,-80.1327699,"1305 Washington St, Hollywood, FL 33019",Select a Request Type=Sidewalk Issues,In Process,"Hollywood, FL - City Limits;District 1;Code Enforcement Zone 2",2024-02-19 8:04:57,POINT (-80.1327699 26.0046882)
114,Sidewalk Issues,26.0150375,-80.1724426,"326 N 32nd Ave, Hollywood, FL 33021",Select a Request Type=Sidewalk Issues,In Process,"Hollywood, FL - City Limits;District 3;Code Enforcement Zone 7",2023-12-29 16:31:03,POINT (-80.1724426 26.0150375)
115,Sidewalk Issues,26.0039035,-80.1483783,"2040 Washington St, Hollywood, FL 33020",Select a Request Type=Sidewalk Issues,In Process,"Hollywood, FL - City Limits;District 2;Code Enforcement Zone 4",2023-08-28 13:54:09,POINT (-80.1483783 26.0039035)
116,Sidewalk Issues,26.0132532,-80.2151352,"6327 Taylor St, Hollywood, FL, 33024",Select a Request Type=Sidewalk Issues,In Process,"Hollywood, FL - City Limits;District 5;Code Enforcement Zone 11",2023-05-03 10:55:01,POINT (-80.2151352 26.0132532)
117,Sidewalk Issues,26.0298886,-80.1754925,"2126 N Park Rd, Hollywood, FL, 33021",Select a Request Type=Sidewalk Issues,In Process,"Hollywood, FL - City Limits;District 3;Code Enforcement Zone 8",2023-04-18 8:59:01,POINT (-80.1754925 26.0298886)
118,Sidewalk Issues,26.0351797,-80.2223037,"6640 Atlanta St, Hollywood, FL, 33024",Select a Request Type=Sidewalk Issues,Completed,"Hollywood, FL - City Limits;District 4;Code Enforcement Zone 6",2023-04-12 17:56:12,POINT (-80.2223037 26.0351797)
119,Sidewalk Issues,26.0219522,-80.1409782,"1205 N 17th Ave, Hollywood, FL 33020",Select a Request Type=Sidewalk Issues,In Process,"Hollywood, FL - City Limits;District 1;Code Enforcement Zone 1",2022-09-23 11:05:11,POINT (-80.1409782 26.0219522)
120,Sidewalk Issues,26.0112014,-80.1494901,"Johnson St, Hollywood, FL, 33020",Select a Request Type=Sidewalk Issues,Submitted,"Hollywood, FL - City Limits;District 2;Code Enforcement Zone 204",2021-11-29 13:22:39,POINT (-80.1494901 26.0112014)
121,Storm Drain,26.0285121,-80.2081469,"3301 N State Rd 7, Hollywood, FL 33021",Select a Request Type=Storm Drain,Completed,"Hollywood, FL - City Limits;District 4;Code Enforcement Zone 6",2024-03-04 13:57:18,POINT (-80.2081469 26.0285121)
122,Storm Drain,25.9989971,-80.1362839,"1435 Mayo St, Hollywood, FL 33020",Select a Request Type=Storm Drain,Completed,"Hollywood, FL - City Limits;District 1;Code Enforcement Zone 2",2024-02-26 17:39:09,POINT (-80.1362839 25.9989971)
123,Storm Drain,26.0278985,-80.1620896,"1900 Waterview Pl, Hollywood, FL 33020",Select a Request Type=Storm Drain,In Process,"Hollywood, FL - City Limits;District 3;Code Enforcement Zone 7",2023-11-21 8:25:57,POINT (-80.1620896 26.0278985)
124,Storm Drain,26.0189959,-80.1311911,"1216 Johnson St, Hollywood, FL 33019",Select a Request Type=Storm Drain,Completed,"Hollywood, FL - City Limits;District 1;Code Enforcement Zone 1",2023-11-05 19:43:52,POINT (-80.1311911 26.0189959)
125,Storm Drain,26.006953,-80.1253434,"601 S 10th Ave, Hollywood, FL 33019",Select a Request Type=Storm Drain,Completed,"Hollywood, FL - City Limits;District 1;Code Enforcement Zone 2",2023-10-10 12:55:55,POINT (-80.1253434 26.006953)
126,Storm Drain,26.0348392,-80.1816765,"3793 Raleigh St, Hollywood, FL 33021",Select a Request Type=Storm Drain,Completed,"Hollywood, FL - City Limits;District 4;Code Enforcement Zone 5",2023-10-02 10:36:21,POINT (-80.1816765 26.0348392)
127,Storm Drain,26.0215639,-80.1838821,"1221 N 40th Ave, Hollywood, FL 33021",Select a Request Type=Storm Drain,Completed,"Hollywood, FL - City Limits;District 3;Code Enforcement Zone 8",2023-09-10 14:12:37,POINT (-80.1838821 26.0215639)
128,Storm Drain,26.027245,-80.1394305,"1724 N 16th Ave, Hollywood, FL 33020",Select a Request Type=Storm Drain,Completed,"Hollywood, FL - City Limits;District 1;Code Enforcement Zone 1",2023-08-28 9:49:11,POINT (-80.1394305 26.027245)
129,Storm Drain,26.0414142,-80.1800023,"35 N 36th Ave, Hollywood, FL 33021",Select a Request Type=Storm Drain,Completed,"Hollywood, FL - City Limits;District 4;Code Enforcement Zone 5",2023-08-01 16:46:58,POINT (-80.1800023 26.0414142)
130,Storm Drain,26.0110906,-80.1488605,"2066 Hollywood Blvd, Hollywood, FL 33020",Select a Request Type=Storm Drain,Completed,"Hollywood, FL - City Limits;District 2;Code Enforcement Zone 204",2023-06-06 9:29:49,POINT (-80.1488605 26.0110906)
131,Storm Drain,26.004628,-80.1477254,"2022 Adams St, Hollywood, FL 33020",Select a Request Type=Storm Drain,Completed,"Hollywood, FL - City Limits;District 2;Code Enforcement Zone 204",2023-04-17 14:41:20,POINT (-80.1477254 26.004628)
132,Storm Drain,26.0352431,-80.221217,"6604 Atlanta St, Hollywood, FL 33024",Select a Request Type=Storm Drain,Completed,"Hollywood, FL - City Limits;District 4;Code Enforcement Zone 6",2023-04-12 17:49:52,POINT (-80.221217 26.0352431)
133,Storm Drain,26.0133644,-80.1208509,"803 Tyler St, Hollywood, FL 33019",Select a Request Type=Storm Drain,Completed,"Hollywood, FL - City Limits;District 1;Code Enforcement Zone 1",2023-04-12 17:27:12,POINT (-80.1208509 26.0133644)
134,Storm Drain,26.0293449,-80.1782431,"3401 W Park Rd, Hollywood, FL 33021",Select a Request Type=Storm Drain,Completed,"Hollywood, FL - City Limits;District 3;Code Enforcement Zone 8",2022-10-13 14:25:16,POINT (-80.1782431 26.0293449)
135,Storm Drain,26.0073217,-80.1799712,"3601 Monroe St, Hollywood, FL 33021",Select a Request Type=Storm Drain,Completed,"Hollywood, FL - City Limits;District 6;Code Enforcement Zone 9",2022-08-25 17:06:59,POINT (-80.1799712 26.0073217)
136,Storm Drain,26.0274409,-80.1711651,"1900 N 31 Ave, Hollywood, FL, 33021",Select a Request Type=Storm Drain,Completed,"Hollywood, FL - City Limits;District 3;Code Enforcement Zone 7",2022-01-26 10:05:40,POINT (-80.1711651 26.0274409)
137,Street Flooding Issues,26.015944,-80.166014,"2915 Pierce St, Hollywood, FL 33020",Select a Request Type=Street Flooding Issues,Received,"Hollywood, FL - City Limits;District 3;Code Enforcement Zone 7",2024-05-02 13:15:28,POINT (-80.166014 26.015944)
138,Street Flooding Issues,26.0081116,-80.1174282,"707 S Ocean Dr, Hollywood, FL 33019",Select a Request Type=Street Flooding Issues,Completed,"Hollywood, FL - City Limits;District 1;Code Enforcement Zone 14",2024-03-20 11:48:23,POINT (-80.1174282 26.0081116)
139,Street Flooding Issues,26.0058396,-80.1460469,"1934 Jefferson St, Hollywood, FL 33020",Select a Request Type=Street Flooding Issues,Completed,"Hollywood, FL - City Limits;District 2;Code Enforcement Zone 204",2024-03-15 21:21:49,POINT (-80.1460469 26.0058396)
140,Street Flooding Issues,26.0412851,-80.1707226,"3051 N 34th St, Hollywood, FL 33021",Select a Request Type=Street Flooding Issues,Completed,"Hollywood, FL - City Limits;District 4;Code Enforcement Zone 5",2024-03-06 17:32:26,POINT (-80.1707226 26.0412851)
141,Street Flooding Issues,26.0214431,-80.1594034,"2551 Garfield St, Hollywood, FL 33020",Select a Request Type=Street Flooding Issues,Completed,"Hollywood, FL - City Limits;District 3;Code Enforcement Zone 7",2024-02-16 15:04:00,POINT (-80.1594034 26.0214431)
142,Street Flooding Issues,26.0120524,-80.1335049,"1323 Hollywood Blvd, Hollywood, FL 33019",Select a Request Type=Street Flooding Issues,In Process,"Hollywood, FL - City Limits;District 1;Code Enforcement Zone 1",2024-02-14 15:37:18,POINT (-80.1335049 26.0120524)
143,Street Flooding Issues,26.0293714,-80.1632451,"2710 Scott St, Hollywood, FL 33020",Select a Request Type=Street Flooding Issues,Completed,"Hollywood, FL - City Limits;District 3;Code Enforcement Zone 7",2024-01-04 19:20:11,POINT (-80.1632451 26.0293714)
144,Street Flooding Issues,26.0436865,-80.2015632,"5640 Allen St, Hollywood, FL 33021",Select a Request Type=Street Flooding Issues,Completed,"Hollywood, FL - City Limits;District 4;Code Enforcement Zone 6",2023-12-11 15:03:14,POINT (-80.2015632 26.0436865)
145,Street Flooding Issues,26.0405349,-80.2203548,"6471 Pershing St, Hollywood, FL 33024",Select a Request Type=Street Flooding Issues,Completed,"Hollywood, FL - City Limits;District 4;Code Enforcement Zone 6",2023-11-22 11:15:54,POINT (-80.2203548 26.0405349)
146,Street Flooding Issues,26.0158624,-80.166294,"2940 Pierce St, Hollywood, FL 33020",Select a Request Type=Street Flooding Issues,Completed,"Hollywood, FL - City Limits;District 3;Code Enforcement Zone 7",2023-11-20 15:41:58,POINT (-80.166294 26.0158624)
147,Street Flooding Issues,26.0223731,-80.1323279,"1237 Garfield St, Hollywood, FL 33019",Select a Request Type=Street Flooding Issues,Completed,"Hollywood, FL - City Limits;District 1;Code Enforcement Zone 1",2023-11-20 10:09:18,POINT (-80.1323279 26.0223731)
148,Street Flooding Issues,26.0279896,-80.1480478,"2011-2013 Harding St, Hollywood, FL 33020",Select a Request Type=Street Flooding Issues,Completed,"Hollywood, FL - City Limits;District 2;Code Enforcement Zone 3",2023-11-17 13:56:14,POINT (-80.1480478 26.0279896)
149,Street Flooding Issues,26.0289344,-80.1358364,"1414 Coolidge St, Hollywood, FL 33020",Select a Request Type=Street Flooding Issues,Completed,"Hollywood, FL - City Limits;District 1;Code Enforcement Zone 1",2023-11-16 19:19:45,POINT (-80.1358364 26.0289344)
150,Street Flooding Issues,26.0380877,-80.1530414,"2245 Freedom St, Hollywood, FL 33020",Select a Request Type=Street Flooding Issues,Completed,"Hollywood, FL - City Limits;District 2;Code Enforcement Zone 3",2023-11-16 17:46:18,POINT (-80.1530414 26.0380877)
151,Street Flooding Issues,26.0178226,-80.1240809,"921 Buchanan St, Hollywood, FL 33019",Select a Request Type=Street Flooding Issues,Completed,"Hollywood, FL - City Limits;District 1;Code Enforcement Zone 1",2023-11-16 15:43:18,POINT (-80.1240809 26.0178226)
152,Street Flooding Issues,26.0178761,-80.132829,"747 N 13th Ave, Hollywood, FL 33019",Select a Request Type=Street Flooding Issues,Completed,"Hollywood, FL - City Limits;District 1;Code Enforcement Zone 1",2023-11-15 23:10:55,POINT (-80.132829 26.0178761)
153,Street Flooding Issues,26.0342238,-80.2021329,"5640 Farragut St, Hollywood, FL 33021",Select a Request Type=Street Flooding Issues,Completed,"Hollywood, FL - City Limits;District 4;Code Enforcement Zone 6",2023-11-15 23:06:14,POINT (-80.2021329 26.0342238)
154,Street Flooding Issues,25.9971768,-80.1362507,"1435 Moffett St, Hollywood, FL 33020",Select a Request Type=Street Flooding Issues,Completed,"Hollywood, FL - City Limits;District 1;Code Enforcement Zone 2",2023-11-15 22:51:20,POINT (-80.1362507 25.9971768)
155,Street Flooding Issues,26.0106157,-80.1177442,"101 S Ocean Dr, Hollywood, FL 33019",Select a Request Type=Street Flooding Issues,Completed,"Hollywood, FL - City Limits;District 1;Code Enforcement Zone 14",2023-11-15 14:31:30,POINT (-80.1177442 26.0106157)
156,Street Flooding Issues,26.0211228,-80.174371,"3229 Garfield St, Hollywood, FL 33021",Select a Request Type=Street Flooding Issues,Duplicate,"Hollywood, FL - City Limits;District 3;Code Enforcement Zone 7",2023-10-18 21:25:22,POINT (-80.174371 26.0211228)
157,Street Flooding Issues,26.0242188,-80.1364361,"1441-1443 N 14th Ave, Hollywood, FL 33020",Select a Request Type=Street Flooding Issues,Completed,"Hollywood, FL - City Limits;District 1;Code Enforcement Zone 1",2023-10-16 16:24:11,POINT (-80.1364361 26.0242188)
158,Street Flooding Issues,26.0211275,-80.174363,"3229 Garfield St, Hollywood, FL 33021",Select a Request Type=Street Flooding Issues,Completed,"Hollywood, FL - City Limits;District 3;Code Enforcement Zone 7",2023-10-11 11:05:20,POINT (-80.174363 26.0211275)
159,Street Flooding Issues,26.0152704,-80.1856691,"4116 Pierce St, Hollywood, FL 33021",Select a Request Type=Street Flooding Issues,Completed,"Hollywood, FL - City Limits;District 3;Code Enforcement Zone 8",2023-10-02 20:45:48,POINT (-80.1856691 26.0152704)
160,Street Flooding Issues,26.018735,-80.1749992,"3251 Johnson St, Hollywood, FL 33021",Select a Request Type=Street Flooding Issues,Completed,"Hollywood, FL - City Limits;District 3;Code Enforcement Zone 7",2023-09-28 9:03:34,POINT (-80.1749992 26.018735)
161,Street Flooding Issues,26.0219159,-80.1342067,"1125 N 13th Terrace, Hollywood, FL 33019",Select a Request Type=Street Flooding Issues,Completed,"Hollywood, FL - City Limits;District 1;Code Enforcement Zone 1",2023-09-23 16:08:22,POINT (-80.1342067 26.0219159)
162,Street Flooding Issues,26.0119728,-80.1876428,"4400 Polk St, Hollywood, FL 33021",Select a Request Type=Street Flooding Issues,Completed,"Hollywood, FL - City Limits;District 3;Code Enforcement Zone 8",2023-09-22 10:38:30,POINT (-80.1876428 26.0119728)
163,Street Flooding Issues,26.0162048,-80.1658612,"2905 Pierce St, Hollywood, FL 33020",Select a Request Type=Street Flooding Issues,Completed,"Hollywood, FL - City Limits;District 3;Code Enforcement Zone 7",2023-09-19 17:45:32,POINT (-80.1658612 26.0162048)
164,Street Flooding Issues,26.0159574,-80.1659113,"2905 Pierce St, Hollywood, FL 33020",Select a Request Type=Street Flooding Issues,Completed,"Hollywood, FL - City Limits;District 3;Code Enforcement Zone 7",2023-09-19 16:16:20,POINT (-80.1659113 26.0159574)
165,Street Flooding Issues,26.0271119,-80.1562683,"2423 Wilson St, Hollywood, FL 33020",Select a Request Type=Street Flooding Issues,Completed,"Hollywood, FL - City Limits;District 3;Code Enforcement Zone 7",2023-09-18 10:41:13,POINT (-80.1562683 26.0271119)
166,Street Flooding Issues,26.0189959,-80.1311911,"1216 Johnson St, Hollywood, FL 33019",Select a Request Type=Street Flooding Issues,Completed,"Hollywood, FL - City Limits;District 1;Code Enforcement Zone 1",2023-08-29 16:42:23,POINT (-80.1311911 26.0189959)
167,Street Flooding Issues,26.0323614,-80.1595464,"2318 N 26th Ave, Hollywood, FL 33020",Select a Request Type=Street Flooding Issues,Completed,"Hollywood, FL - City Limits;District 3;Code Enforcement Zone 7",2023-08-26 6:07:32,POINT (-80.1595464 26.0323614)
168,Street Flooding Issues,26.003344,-80.1470394,"2001 Dewey St, Hollywood, FL 33020",Select a Request Type=Street Flooding Issues,Completed,"Hollywood, FL - City Limits;District 2;Code Enforcement Zone 4",2023-08-26 2:06:28,POINT (-80.1470394 26.003344)
169,Street Flooding Issues,25.9990199,-80.1364688,"1439 Mayo St, Hollywood, FL 33020",Select a Request Type=Street Flooding Issues,Completed,"Hollywood, FL - City Limits;District 1;Code Enforcement Zone 2",2023-08-21 6:54:41,POINT (-80.1364688 25.9990199)
170,Street Flooding Issues,26.0297298,-80.201846,"2201 N 57th Ave, Hollywood, FL 33021",Select a Request Type=Street Flooding Issues,Completed,"Hollywood, FL - City Limits;District 4;Code Enforcement Zone 6",2023-08-10 20:59:43,POINT (-80.201846 26.0297298)
171,Street Flooding Issues,26.0344391,-80.2021587,"5641 Farragut St, Hollywood, FL 33021",Select a Request Type=Street Flooding Issues,Completed,"Hollywood, FL - City Limits;District 4;Code Enforcement Zone 6",2023-08-08 19:42:55,POINT (-80.2021587 26.0344391)
172,Street Flooding Issues,26.0169067,-80.1659319,"2910 Lincoln St, Hollywood, FL 33020",Select a Request Type=Street Flooding Issues,Completed,"Hollywood, FL - City Limits;District 3;Code Enforcement Zone 7",2023-07-31 15:58:48,POINT (-80.1659319 26.0169067)
173,Street Flooding Issues,26.0271956,-80.1648093,"2771 Taft St, Hollywood, FL 33020",Select a Request Type=Street Flooding Issues,Completed,"Hollywood, FL - City Limits;District 3;Code Enforcement Zone 7",2023-07-28 15:17:33,POINT (-80.1648093 26.0271956)
174,Street Flooding Issues,26.0029314,-80.1846393,"4033 S 41st Ave, Hollywood, FL 33021",Select a Request Type=Street Flooding Issues,Completed,"Hollywood, FL - City Limits;District 6;Code Enforcement Zone 9",2023-07-27 20:24:00,POINT (-80.1846393 26.0029314)
175,Street Flooding Issues,26.0130048,-80.1267576,"1029 Tyler St, Hollywood, FL 33019",Select a Request Type=Street Flooding Issues,Completed,"Hollywood, FL - City Limits;District 1;Code Enforcement Zone 1",2023-07-27 20:08:59,POINT (-80.1267576 26.0130048)
176,Street Flooding Issues,26.0186744,-80.1289691,"1119 Lincoln St, Hollywood, FL 33019",Select a Request Type=Street Flooding Issues,Completed,"Hollywood, FL - City Limits;District 1;Code Enforcement Zone 1",2023-07-27 19:04:33,POINT (-80.1289691 26.0186744)
177,Street Flooding Issues,26.0181415,-80.1861809,"4205 Johnson St, Hollywood, FL 33021",Select a Request Type=Street Flooding Issues,Completed,"Hollywood, FL - City Limits;District 3;Code Enforcement Zone 8",2023-07-27 17:54:31,POINT (-80.1861809 26.0181415)
178,Street Flooding Issues,26.0252516,-80.2199954,"6565 Taft St #402, Hollywood, FL 33024",Select a Request Type=Street Flooding Issues,Completed,"Hollywood, FL - City Limits;District 5;Code Enforcement Zone 12",2023-07-19 9:47:54,POINT (-80.2199954 26.0252516)
179,Street Flooding Issues,26.0117414,-80.1722668,"Tyler St, Hollywood, FL",Select a Request Type=Street Flooding Issues,Completed,"Hollywood, FL - City Limits;District 3;Code Enforcement Zone 7",2023-07-17 17:46:00,POINT (-80.1722668 26.0117414)
180,Street Flooding Issues,26.0293678,-80.163827,"2722 Scott St, Hollywood, FL 33020",Select a Request Type=Street Flooding Issues,Completed,"Hollywood, FL - City Limits;District 3;Code Enforcement Zone 7",2023-07-14 13:25:04,POINT (-80.163827 26.0293678)
181,Street Flooding Issues,26.0371076,-80.1692348,"3050 N 30th Ave, Hollywood, FL 33021",Select a Request Type=Street Flooding Issues,Completed,"Hollywood, FL - City Limits;District 4;Code Enforcement Zone 5",2023-07-06 15:08:25,POINT (-80.1692348 26.0371076)
182,Street Flooding Issues,26.0190083,-80.1310384,"1212 Johnson St, Hollywood, FL 33019",Select a Request Type=Street Flooding Issues,Completed,"Hollywood, FL - City Limits;District 1;Code Enforcement Zone 1",2023-06-28 16:28:08,POINT (-80.1310384 26.0190083)
183,Street Flooding Issues,26.0295508,-80.1638256,"2722 Scott St, Hollywood, FL 33020",Select a Request Type=Street Flooding Issues,Completed,"Hollywood, FL - City Limits;District 3;Code Enforcement Zone 7",2023-06-07 10:49:04,POINT (-80.1638256 26.0295508)
184,Street Flooding Issues,26.0307577,-80.1352514,"2112-2114 N 14th Ave, Hollywood, FL 33020",Select a Request Type=Street Flooding Issues,Completed,"Hollywood, FL - City Limits;District 1;Code Enforcement Zone 1",2023-06-06 15:15:22,POINT (-80.1352514 26.0307577)
185,Street Flooding Issues,26.0302392,-80.1361173,"2100 N 14th Ct, Hollywood, FL 33020",Select a Request Type=Street Flooding Issues,Completed,"Hollywood, FL - City Limits;District 1;Code Enforcement Zone 1",2023-06-06 10:07:08,POINT (-80.1361173 26.0302392)
186,Street Flooding Issues,26.0119079,-80.130286,"68 N 12th Ave, Hollywood, FL 33019",Select a Request Type=Street Flooding Issues,Completed,"Hollywood, FL - City Limits;District 1;Code Enforcement Zone 1",2023-05-25 15:11:53,POINT (-80.130286 26.0119079)
187,Street Flooding Issues,26.0225633,-80.1385624,"1544 Arthur St, Hollywood, FL 33020",Select a Request Type=Street Flooding Issues,Completed,"Hollywood, FL - City Limits;District 1;Code Enforcement Zone 1",2023-05-24 9:27:49,POINT (-80.1385624 26.0225633)
188,Street Flooding Issues,26.031249,-80.135242,"2124-2126 N 14th Ave, Hollywood, FL 33020",Select a Request Type=Street Flooding Issues,Completed,"Hollywood, FL - City Limits;District 1;Code Enforcement Zone 1",2023-05-23 16:04:32,POINT (-80.135242 26.031249)
189,Street Flooding Issues,26.0342453,-80.2019604,"5636 Farragut St, Hollywood, FL 33021",Select a Request Type=Street Flooding Issues,Completed,"Hollywood, FL - City Limits;District 4;Code Enforcement Zone 6",2023-05-17 12:53:23,POINT (-80.2019604 26.0342453)
190,Street Flooding Issues,26.0244975,-80.1366531,"1427 N 15th Ave, Hollywood, FL 33020",Select a Request Type=Street Flooding Issues,Completed,"Hollywood, FL - City Limits;District 1;Code Enforcement Zone 1",2023-05-05 13:44:41,POINT (-80.1366531 26.0244975)
191,Street Flooding Issues,26.0439371,-80.2013618,"5641 Allen St, Hollywood, FL 33021",Select a Request Type=Street Flooding Issues,Completed,"Hollywood, FL - City Limits;District 4;Code Enforcement Zone 6",2023-04-30 22:40:04,POINT (-80.2013618 26.0439371)
192,Street Flooding Issues,26.0242088,-80.1369091,"1413 N 15th Ave, Hollywood, FL 33020",Select a Request Type=Street Flooding Issues,Completed,"Hollywood, FL - City Limits;District 1;Code Enforcement Zone 1",2023-04-27 17:59:26,POINT (-80.1369091 26.0242088)
193,Street Flooding Issues,26.0035776,-80.1844333,"4024 Adams St, Hollywood, FL 33021",Select a Request Type=Street Flooding Issues,Completed,"Hollywood, FL - City Limits;District 6;Code Enforcement Zone 9",2023-04-27 9:32:11,POINT (-80.1844333 26.0035776)
194,Street Flooding Issues,26.0189645,-80.1624384,"2727 Johnson St, Hollywood, FL 33020",Select a Request Type=Street Flooding Issues,Completed,"Hollywood, FL - City Limits;District 3;Code Enforcement Zone 7",2023-04-26 16:59:29,POINT (-80.1624384 26.0189645)
195,Street Flooding Issues,26.0220229,-80.1619076,"2714 Arthur St, Hollywood, FL 33020",Select a Request Type=Street Flooding Issues,Completed,"Hollywood, FL - City Limits;District 3;Code Enforcement Zone 7",2023-04-23 13:38:44,POINT (-80.1619076 26.0220229)
196,Street Flooding Issues,25.9990127,-80.1350295,"1407 Mayo St, Hollywood, FL 33020",Select a Request Type=Street Flooding Issues,Completed,"Hollywood, FL - City Limits;District 1;Code Enforcement Zone 2",2023-04-22 6:58:57,POINT (-80.1350295 25.9990127)
197,Street Flooding Issues,26.029552,-80.1638129,"2722 Scott St, Hollywood, FL 33020",Select a Request Type=Street Flooding Issues,Completed,"Hollywood, FL - City Limits;District 3;Code Enforcement Zone 7",2023-04-21 14:50:24,POINT (-80.1638129 26.029552)
198,Street Flooding Issues,26.0042611,-80.1315836,"1240 Washington St, Hollywood, FL 33019",Select a Request Type=Street Flooding Issues,Completed,"Hollywood, FL - City Limits;District 1;Code Enforcement Zone 2",2023-04-20 21:20:59,POINT (-80.1315836 26.0042611)
199,Street Flooding Issues,26.0385763,-80.1535813,"2259 Douglas St, Hollywood, FL 33020",Select a Request Type=Street Flooding Issues,Completed,"Hollywood, FL - City Limits;District 2;Code Enforcement Zone 3",2023-04-17 21:26:15,POINT (-80.1535813 26.0385763)
200,Street Flooding Issues,26.0307448,-80.1352475,"2112-2114 N 14th Ave, Hollywood, FL 33020",Select a Request Type=Street Flooding Issues,Completed,"Hollywood, FL - City Limits;District 1;Code Enforcement Zone 1",2023-04-17 11:44:14,POINT (-80.1352475 26.0307448)
201,Street Flooding Issues,26.0434835,-80.2009313,"5600 Allen St, Hollywood, FL 33021",Select a Request Type=Street Flooding Issues,Completed,"Hollywood, FL - City Limits;District 4;Code Enforcement Zone 6",2023-04-17 10:44:22,POINT (-80.2009313 26.0434835)
202,Street Flooding Issues,26.0376098,-80.221083,"3071 N 66th Ave, Hollywood, FL 33024",Select a Request Type=Street Flooding Issues,Completed,"Hollywood, FL - City Limits;District 4;Code Enforcement Zone 6",2023-04-16 19:39:40,POINT (-80.221083 26.0376098)
203,Street Flooding Issues,26.0295579,-80.1638008,"2722 Scott St, Hollywood, FL 33020",Select a Request Type=Street Flooding Issues,Completed,"Hollywood, FL - City Limits;District 3;Code Enforcement Zone 7",2023-04-15 18:34:04,POINT (-80.1638008 26.0295579)
204,Street Flooding Issues,26.0263971,-80.171551,"3161 Taft St, Hollywood, FL 33021",Select a Request Type=Street Flooding Issues,Completed,"Hollywood, FL - City Limits;District 3;Code Enforcement Zone 7",2023-04-14 7:16:04,POINT (-80.171551 26.0263971)
205,Street Flooding Issues,26.0174313,-80.2175396,"6440 Johnson St, Hollywood, FL 33024",Select a Request Type=Street Flooding Issues,Completed,"Hollywood, FL - City Limits;District 5;Code Enforcement Zone 11",2023-04-13 16:34:14,POINT (-80.2175396 26.0174313)
206,Street Flooding Issues,25.9989199,-80.1383003,"1539 Mayo St, Hollywood, FL 33020",Select a Request Type=Street Flooding Issues,Completed,"Hollywood, FL - City Limits;District 1;Code Enforcement Zone 2",2023-04-13 16:23:58,POINT (-80.1383003 25.9989199)
207,Street Flooding Issues,26.0034241,-80.1663975,"2941 Washington St, Hollywood, FL 33020",Select a Request Type=Street Flooding Issues,Completed,"Hollywood, FL - City Limits;District 2;Code Enforcement Zone 4",2023-04-13 16:11:49,POINT (-80.1663975 26.0034241)
208,Street Flooding Issues,25.9981461,-80.1350297,"1407 Fletcher St, Hollywood, FL 33020",Select a Request Type=Street Flooding Issues,Completed,"Hollywood, FL - City Limits;District 1;Code Enforcement Zone 2",2023-04-13 16:09:53,POINT (-80.1350297 25.9981461)
209,Street Flooding Issues,26.0298886,-80.1754965,"2126 N Park Rd, Hollywood, FL 33021",Select a Request Type=Street Flooding Issues,Completed,"Hollywood, FL - City Limits;District 3;Code Enforcement Zone 8",2023-04-13 15:41:11,POINT (-80.1754965 26.0298886)
210,Street Flooding Issues,26.0307427,-80.1340808,"2145 N 14th Ave, Hollywood, FL 33020",Select a Request Type=Street Flooding Issues,Completed,"Hollywood, FL - City Limits;District 1;Code Enforcement Zone 1",2023-04-13 11:41:51,POINT (-80.1340808 26.0307427)
211,Street Flooding Issues,26.0171792,-80.1634884,"N 28th Ave & Lincoln St, Hollywood, FL 33020",Select a Request Type=Street Flooding Issues,Completed,"Hollywood, FL - City Limits;District 3;Code Enforcement Zone 7",2023-04-13 8:16:58,POINT (-80.1634884 26.0171792)
212,Street Flooding Issues,25.999562,-80.1350362,"1406 Wiley St, Hollywood, FL 33020",Select a Request Type=Street Flooding Issues,Completed,"Hollywood, FL - City Limits;District 1;Code Enforcement Zone 2",2023-04-13 7:50:26,POINT (-80.1350362 25.999562)
213,Street Flooding Issues,26.0347493,-80.1627217,"2727 Bruce Terrace, Hollywood, FL 33020",Select a Request Type=Street Flooding Issues,Completed,"Hollywood, FL - City Limits;District 4;Code Enforcement Zone 5",2023-04-12 23:09:02,POINT (-80.1627217 26.0347493)
214,Street Flooding Issues,26.0206674,-80.1374569,"1500 Hayes St, Hollywood, FL 33020",Select a Request Type=Street Flooding Issues,Completed,"Hollywood, FL - City Limits;District 1;Code Enforcement Zone 1",2023-04-12 20:18:02,POINT (-80.1374569 26.0206674)
215,Street Flooding Issues,26.0102462,-80.1302104,"218 S 12th Ave, Hollywood, FL 33019",Select a Request Type=Street Flooding Issues,Completed,"Hollywood, FL - City Limits;District 1;Code Enforcement Zone 2",2023-04-12 20:06:47,POINT (-80.1302104 26.0102462)
216,Street Flooding Issues,26.0100338,-80.1231813,"300 S 9th Ave, Hollywood, FL 33019",Select a Request Type=Street Flooding Issues,Completed,"Hollywood, FL - City Limits;District 1;Code Enforcement Zone 2",2023-04-12 18:39:15,POINT (-80.1231813 26.0100338)
217,Street Flooding Issues,26.042163,-80.1782213,"3520 N 34th Ave, Hollywood, FL 33021",Select a Request Type=Street Flooding Issues,Completed,"Hollywood, FL - City Limits;District 4;Code Enforcement Zone 5",2023-04-12 18:37:00,POINT (-80.1782213 26.042163)
218,Street Flooding Issues,26.0352431,-80.221217,"6604 Atlanta St, Hollywood, FL 33024",Select a Request Type=Street Flooding Issues,Duplicate,"Hollywood, FL - City Limits;District 4;Code Enforcement Zone 6",2023-04-12 17:31:51,POINT (-80.221217 26.0352431)
219,Street Flooding Issues,26.0189959,-80.1311911,"1216 Johnson St, Hollywood, FL 33019",Select a Request Type=Street Flooding Issues,Duplicate,"Hollywood, FL - City Limits;District 1;Code Enforcement Zone 1",2023-04-12 16:52:48,POINT (-80.1311911 26.0189959)
220,Street Flooding Issues,26.0278662,-80.1553487,"N 24th Ave, Hollywood, FL 33020",Select a Request Type=Street Flooding Issues,Completed,"Hollywood, FL - City Limits;District 2;Code Enforcement Zone 3",2023-04-12 16:42:37,POINT (-80.1553487 26.0278662)
221,Street Flooding Issues,26.0189959,-80.1311911,"1216 Johnson St, Hollywood, FL 33019",Select a Request Type=Street Flooding Issues,Completed,"Hollywood, FL - City Limits;District 1;Code Enforcement Zone 1",2023-04-12 16:31:37,POINT (-80.1311911 26.0189959)
222,Street Flooding Issues,26.0285205,-80.1354656,"1407 Harding St, Hollywood, FL 33020",Select a Request Type=Street Flooding Issues,Completed,"Hollywood, FL - City Limits;District 1;Code Enforcement Zone 1",2023-04-12 16:23:54,POINT (-80.1354656 26.0285205)
223,Street Flooding Issues,26.0169183,-80.1806626,"730 N Rainbow Dr, Hollywood, FL 33021",Select a Request Type=Street Flooding Issues,Duplicate,"Hollywood, FL - City Limits;District 3;Code Enforcement Zone 8",2023-04-12 16:23:16,POINT (-80.1806626 26.0169183)
224,Street Flooding Issues,26.0191644,-80.1778037,"3418 Grant St, Hollywood, FL 33021",Select a Request Type=Street Flooding Issues,Completed,"Hollywood, FL - City Limits;District 3;Code Enforcement Zone 8",2023-04-12 15:54:13,POINT (-80.1778037 26.0191644)
225,Street Flooding Issues,26.0289344,-80.1358364,"1414 Coolidge St, Hollywood, FL 33020",Select a Request Type=Street Flooding Issues,Completed,"Hollywood, FL - City Limits;District 1;Code Enforcement Zone 1",2023-04-12 13:49:37,POINT (-80.1358364 26.0289344)
226,Street Flooding Issues,26.0123827,-80.1246242,"939 Hollywood Blvd, Hollywood, FL 33019",Select a Request Type=Street Flooding Issues,Completed,"Hollywood, FL - City Limits;District 1;Code Enforcement Zone 1",2023-03-29 17:45:08,POINT (-80.1246242 26.0123827)
227,Street Flooding Issues,26.0107629,-80.11747,"211 S Ocean Dr, Hollywood, FL 33019",Select a Request Type=Street Flooding Issues,Completed,"Hollywood, FL - City Limits;District 1;Code Enforcement Zone 14",2023-03-14 14:29:03,POINT (-80.11747 26.0107629)
228,Street Flooding Issues,26.0169067,-80.1659319,"2910 Lincoln St, Hollywood, FL 33020",Select a Request Type=Street Flooding Issues,Completed,"Hollywood, FL - City Limits;District 3;Code Enforcement Zone 7",2023-03-06 17:25:21,POINT (-80.1659319 26.0169067)
229,Street Flooding Issues,26.001567,-80.1869641,"1500 Tallwood Ave, Hollywood, FL 33021",Select a Request Type=Street Flooding Issues,Completed,"Hollywood, FL - City Limits;District 6;Code Enforcement Zone 9",2023-02-05 18:04:00,POINT (-80.1869641 26.001567)
230,Street Flooding Issues,26.0199827,-80.1372761,"1000 N 15th Ave, Hollywood, FL 33020",Select a Request Type=Street Flooding Issues,Completed,"Hollywood, FL - City Limits;District 1;Code Enforcement Zone 1",2023-02-05 12:48:17,POINT (-80.1372761 26.0199827)
231,Street Flooding Issues,26.0293921,-80.1638238,"2722 Scott St, Hollywood, FL 33020",Select a Request Type=Street Flooding Issues,Completed,"Hollywood, FL - City Limits;District 3;Code Enforcement Zone 7",2023-02-05 12:47:29,POINT (-80.1638238 26.0293921)
232,Street Flooding Issues,26.029802,-80.1349989,"1400 Scott St, Hollywood, FL 33020",Select a Request Type=Street Flooding Issues,Completed,"Hollywood, FL - City Limits;District 1;Code Enforcement Zone 1",2023-02-05 12:40:14,POINT (-80.1349989 26.029802)
233,Street Flooding Issues,26.0065338,-80.1317363,"1239 Jefferson St, Hollywood, FL 33019",Select a Request Type=Street Flooding Issues,Completed,"Hollywood, FL - City Limits;District 1;Code Enforcement Zone 2",2022-12-28 13:17:16,POINT (-80.1317363 26.0065338)
234,Street Flooding Issues,26.0172265,-80.2152929,"6320 Johnson St, Hollywood, FL 33024",Select a Request Type=Street Flooding Issues,Completed,"Hollywood, FL - City Limits;District 5;Code Enforcement Zone 11",2022-11-22 10:47:13,POINT (-80.2152929 26.0172265)
235,Street Flooding Issues,26.0151686,-80.1167083,"339 Taylor St, Hollywood, FL 33019",Select a Request Type=Street Flooding Issues,Completed,"Hollywood, FL - City Limits;District 1;Code Enforcement Zone 14",2022-11-10 8:59:21,POINT (-80.1167083 26.0151686)
236,Street Flooding Issues,26.031151,-80.115746,"A1A & Liberty St, Hollywood, FL 33019",Select a Request Type=Street Flooding Issues,Completed,"Hollywood, FL - City Limits;District 1;Code Enforcement Zone 14",2022-11-09 12:10:03,POINT (-80.115746 26.031151)
237,Street Flooding Issues,26.0185649,-80.1232863,"901 Lincoln St, Hollywood, FL 33019",Select a Request Type=Street Flooding Issues,Completed,"Hollywood, FL - City Limits;District 1;Code Enforcement Zone 1",2022-11-09 12:05:17,POINT (-80.1232863 26.0185649)
238,Street Flooding Issues,26.0293645,-80.1638119,"2722 Scott St, Hollywood, FL 33020",Select a Request Type=Street Flooding Issues,Completed,"Hollywood, FL - City Limits;District 3;Code Enforcement Zone 7",2022-11-09 10:14:10,POINT (-80.1638119 26.0293645)
239,Street Flooding Issues,26.0189959,-80.1311911,"1216 Johnson St, Hollywood, FL 33019",Select a Request Type=Street Flooding Issues,Completed,"Hollywood, FL - City Limits;District 1;Code Enforcement Zone 1",2022-10-13 18:01:31,POINT (-80.1311911 26.0189959)
240,Street Flooding Issues,26.0346692,-80.1622275,"2719 Bruce Terrace, Hollywood, FL 33020",Select a Request Type=Street Flooding Issues,Completed,"Hollywood, FL - City Limits;District 4;Code Enforcement Zone 5",2022-10-13 14:16:30,POINT (-80.1622275 26.0346692)
241,Street Flooding Issues,26.000388,-80.1172538,"50 Hyacinth Terrace, Hollywood, FL 33019",Select a Request Type=Street Flooding Issues,Completed,"Hollywood, FL - City Limits;District 1;Code Enforcement Zone 14",2022-10-02 18:37:59,POINT (-80.1172538 26.000388)
242,Street Flooding Issues,26.01764,-80.1237669,"945 N 9th Ave, Hollywood, FL 33019",Select a Request Type=Street Flooding Issues,Completed,"Hollywood, FL - City Limits;District 1;Code Enforcement Zone 1",2022-09-26 16:41:09,POINT (-80.1237669 26.01764)
243,Street Flooding Issues,26.034262,-80.1154885,"18 Sheridan St, Hollywood, FL 33019",Select a Request Type=Street Flooding Issues,Completed,"Hollywood, FL - City Limits;District 1;Code Enforcement Zone 14",2022-09-26 11:02:57,POINT (-80.1154885 26.034262)
244,Street Flooding Issues,26.0304842,-80.2018718,"2301 N 57th Ave, Hollywood, FL 33021",Select a Request Type=Street Flooding Issues,Completed,"Hollywood, FL - City Limits;District 4;Code Enforcement Zone 6",2022-09-15 18:01:15,POINT (-80.2018718 26.0304842)
245,Street Flooding Issues,26.0293718,-80.2018501,"2180 N 57th Ave, Hollywood, FL 33021",Select a Request Type=Street Flooding Issues,Completed,"Hollywood, FL - City Limits;District 4;Code Enforcement Zone 6",2022-09-15 17:57:41,POINT (-80.2018501 26.0293718)
246,Street Flooding Issues,26.0114505,-80.148409,"2039 Hollywood Blvd, Hollywood, FL 33020",Select a Request Type=Street Flooding Issues,Completed,"Hollywood, FL - City Limits;District 2;Code Enforcement Zone 204",2022-09-14 14:44:52,POINT (-80.148409 26.0114505)
247,Street Flooding Issues,26.0315704,-80.1349911,"2130 N 14th Ave, Hollywood, FL 33020",Select a Request Type=Street Flooding Issues,Completed,"Hollywood, FL - City Limits;District 1;Code Enforcement Zone 1",2022-09-07 21:34:35,POINT (-80.1349911 26.0315704)
248,Street Flooding Issues,26.0038598,-80.1444066,"1848 Washington St, Hollywood, FL 33020",Select a Request Type=Street Flooding Issues,Completed,"Hollywood, FL - City Limits;District 2;Code Enforcement Zone 4",2022-07-28 17:50:07,POINT (-80.1444066 26.0038598)
249,Street Flooding Issues,26.0160972,-80.1967943,"5301 Buchanan St, Hollywood, FL 33021",Select a Request Type=Street Flooding Issues,Completed,"Hollywood, FL - City Limits;District 3;Code Enforcement Zone 8",2022-07-28 12:58:08,POINT (-80.1967943 26.0160972)
250,Street Flooding Issues,26.04125,-80.221214,"6600 Custer St, Hollywood, FL 33024",Select a Request Type=Street Flooding Issues,Completed,"Hollywood, FL - City Limits;District 4;Code Enforcement Zone 6",2022-07-26 8:36:05,POINT (-80.221214 26.04125)
251,Street Flooding Issues,26.0246572,-80.1944316,"5005 Roosevelt St, Hollywood, FL 33021",Select a Request Type=Street Flooding Issues,Completed,"Hollywood, FL - City Limits;District 3;Code Enforcement Zone 8",2022-07-15 16:35:09,POINT (-80.1944316 26.0246572)
252,Street Flooding Issues,26.0244614,-80.1714692,"1511 N 31st Rd, Hollywood, FL 33021",Select a Request Type=Street Flooding Issues,Completed,"Hollywood, FL - City Limits;District 3;Code Enforcement Zone 7",2022-06-18 9:32:28,POINT (-80.1714692 26.0244614)
253,Street Flooding Issues,26.039069,-80.154725,"2332 Cody St, Hollywood, FL, 33020",Select a Request Type=Street Flooding Issues,Completed,"Hollywood, FL - City Limits;District 2;Code Enforcement Zone 3",2022-06-09 15:00:59,POINT (-80.154725 26.039069)
254,Street Flooding Issues,26.017604,-80.132673,"707 N 13th Ave, Hollywood, FL, 33019",Select a Request Type=Street Flooding Issues,Completed,"Hollywood, FL - City Limits;District 1;Code Enforcement Zone 1",2022-06-04 16:17:25,POINT (-80.132673 26.017604)
255,Street Flooding Issues,26.0025809,-80.2032037,"906 S 58th Ave, Hollywood, FL, 33023",Select a Request Type=Street Flooding Issues,Completed,"Hollywood, FL - City Limits;District 6;Code Enforcement Zone 10",2022-06-01 9:43:19,POINT (-80.2032037 26.0025809)
256,Street Flooding Issues,26.0324988,-80.2462812,"7891 Raleigh St, Hollywood, FL, 33024",Select a Request Type=Street Flooding Issues,Completed,"Hollywood, FL - City Limits;District 5;Code Enforcement Zone 12",2022-05-21 10:38:40,POINT (-80.2462812 26.0324988)
257,Street Flooding Issues,26.01866,-80.2223099,"982 N 66th Ter, Hollywood, FL, 33024",Select a Request Type=Street Flooding Issues,Completed,"Hollywood, FL - City Limits;District 5;Code Enforcement Zone 11",2022-05-17 15:26:38,POINT (-80.2223099 26.01866)
258,Street Flooding Issues,26.0070806,-80.146006,"1933 Madison St, Hollywood, FL, 33020",Select a Request Type=Street Flooding Issues,Completed,"Hollywood, FL - City Limits;District 2;Code Enforcement Zone 204",2022-05-01 19:43:01,POINT (-80.146006 26.0070806)
259,Street Flooding Issues,26.0098733,-80.1340172,"1358 Van Buren St, Hollywood, FL, 33019",Select a Request Type=Street Flooding Issues,Completed,"Hollywood, FL - City Limits;District 1;Code Enforcement Zone 2",2022-02-17 17:37:27,POINT (-80.1340172 26.0098733)
260,Street Flooding Issues,26.029373,-80.163857,"2722 Scott St, Hollywood, FL, 33020",Select a Request Type=Street Flooding Issues,Completed,"Hollywood, FL - City Limits;District 3;Code Enforcement Zone 7",2022-02-13 14:50:03,POINT (-80.163857 26.029373)
261,Street Flooding Issues,26.0110271,-80.1170198,"340 Harrison St, Hollywood, FL, 33019",Select a Request Type=Street Flooding Issues,Completed,"Hollywood, FL - City Limits;District 1;Code Enforcement Zone 14",2022-01-23 8:29:25,POINT (-80.1170198 26.0110271)
262,Street Flooding Issues,26.0293839,-80.1638065,"2722 Scott St, Hollywood, FL, 330201821",Select a Request Type=Street Flooding Issues,Completed,"Hollywood, FL - City Limits;District 3;Code Enforcement Zone 7",2022-01-22 11:00:37,POINT (-80.1638065 26.0293839)
263,Street Flooding Issues,26.0185241,-80.1341119,"801 N 14 Ave, Hollywood, FL, 330205217",Select a Request Type=Street Flooding Issues,Completed,"Hollywood, FL - City Limits;District 1;Code Enforcement Zone 1",2022-01-21 9:24:57,POINT (-80.1341119 26.0185241)
264,Street Flooding Issues,26.0073895,-80.1955812,"5131 Jackson St, Hollywood, FL, 33021",Select a Request Type=Street Flooding Issues,Completed,"Hollywood, FL - City Limits;District 6;Code Enforcement Zone 9",2022-01-21 0:28:10,POINT (-80.1955812 26.0073895)
265,Street Flooding Issues,26.0038374,-80.1446352,"1852 Washington St, Hollywood, FL, 33020",Select a Request Type=Street Flooding Issues,Completed,"Hollywood, FL - City Limits;District 2;Code Enforcement Zone 4",2022-01-15 14:27:45,POINT (-80.1446352 26.0038374)
266,Street Flooding Issues,26.0004139,-80.1176547,"1901 S Ocean Dr, Hollywood, FL, 33019",Select a Request Type=Street Flooding Issues,Completed,"Hollywood, FL - City Limits;District 1;Code Enforcement Zone 14",2022-01-07 23:12:51,POINT (-80.1176547 26.0004139)
267,Street Flooding Issues,26.0219173,-80.1346274,"1124 N 13 Ter, Hollywood, FL, 33019",Select a Request Type=Street Flooding Issues,Completed,"Hollywood, FL - City Limits;District 1;Code Enforcement Zone 1",2021-12-08 16:29:42,POINT (-80.1346274 26.0219173)
268,Street Flooding Issues,25.9993221,-80.1173446,"Jasmine Ter, Hollywood, FL, 33019",Select a Request Type=Street Flooding Issues,Completed,"Hollywood, FL - City Limits;District 1;Code Enforcement Zone 14",2021-12-06 18:27:56,POINT (-80.1173446 25.9993221)
269,Street Flooding Issues,26.0110148,-80.1177188,"S Ocean (Ste Road A-1-A) Dr, Hollywood, FL, 33019",Select a Request Type=Street Flooding Issues,Completed,"Hollywood, FL - City Limits;District 1;Code Enforcement Zone 14",2021-11-23 18:24:42,POINT (-80.1177188 26.0110148)
270,Street Flooding Issues,26.0293549,-80.1788396,"3419 W Park Rd, Hollywood, FL, 330214338",Select a Request Type=Street Flooding Issues,Completed,"Hollywood, FL - City Limits;District 3;Code Enforcement Zone 8",2021-11-23 17:22:42,POINT (-80.1788396 26.0293549)
271,Street Flooding Issues,26.029383,-80.1638064,"2722 Scott St, Hollywood, FL, 330201821",Select a Request Type=Street Flooding Issues,Completed,"Hollywood, FL - City Limits;District 3;Code Enforcement Zone 7",2021-11-22 21:49:06,POINT (-80.1638064 26.029383)
272,Street Flooding Issues,26.0293571,-80.1638453,"2722 Scott St, Hollywood, FL, 330201821",Select a Request Type=Street Flooding Issues,Completed,"Hollywood, FL - City Limits;District 3;Code Enforcement Zone 7",2021-11-21 11:52:33,POINT (-80.1638453 26.0293571)
273,Street Flooding Issues,26.0225328,-80.1725605,"3189 Arthur Ter, Hollywood, FL, 33021",Select a Request Type=Street Flooding Issues,Completed,"Hollywood, FL - City Limits;District 3;Code Enforcement Zone 7",2021-11-18 15:51:08,POINT (-80.1725605 26.0225328)
274,Street Flooding Issues,26.0038374,-80.1446352,"1852 Washington St, Hollywood, FL, 33020",Select a Request Type=Street Flooding Issues,Completed,"Hollywood, FL - City Limits;District 2;Code Enforcement Zone 4",2021-11-08 14:41:25,POINT (-80.1446352 26.0038374)
275,Street Flooding Issues,26.0038374,-80.1446352,"1852 Washington St, Hollywood, FL, 33020",Select a Request Type=Street Flooding Issues,Completed,"Hollywood, FL - City Limits;District 2;Code Enforcement Zone 4",2021-11-07 21:42:33,POINT (-80.1446352 26.0038374)
276,Street Flooding Issues,26.0111709,-80.1307371,"1209 Harrison St, Hollywood, FL, 33019",Select a Request Type=Street Flooding Issues,Completed,"Hollywood, FL - City Limits;District 1;Code Enforcement Zone 2",2021-11-06 11:05:32,POINT (-80.1307371 26.0111709)
277,Street Flooding Issues,26.0028729,-80.1174545,"1501 S Ocean Dr, Hollywood, FL, 330192319",Select a Request Type=Street Flooding Issues,Completed,"Hollywood, FL - City Limits;District 1;Code Enforcement Zone 14",2021-11-05 11:34:28,POINT (-80.1174545 26.0028729)
278,Street Flooding Issues,26.0038374,-80.1446352,"1852 Washington St, Hollywood, FL, 33020",Select a Request Type=Street Flooding Issues,Completed,"Hollywood, FL - City Limits;District 2;Code Enforcement Zone 4",2021-11-05 8:50:38,POINT (-80.1446352 26.0038374)
279,Street Flooding Issues,26.0325351,-80.2463186,"7881 Raleigh St, Hollywood, FL, 33024",Select a Request Type=Street Flooding Issues,Completed,"Hollywood, FL - City Limits;District 5;Code Enforcement Zone 12",2021-10-24 22:08:54,POINT (-80.2463186 26.0325351)
280,Street Flooding Issues,26.0530431,-80.1123476,"Cambridge St, Dania, FL, 33004",Select a Request Type=Street Flooding Issues,Completed,"Hollywood, FL - City Limits;District 1;Code Enforcement Zone 14",2021-10-22 16:54:30,POINT (-80.1123476 26.0530431)
281,Street Flooding Issues,26.001508,-80.144552,,Select a Request Type=Street Flooding Issues,Duplicate,"Hollywood, FL - City Limits;District 2;Code Enforcement Zone 4",2021-10-21 12:02:00,POINT (-80.144552 26.001508)
282,Street Flooding Issues,26.0016771,-80.144518,"1853 Rodman St, Hollywood, FL, 33020",Select a Request Type=Street Flooding Issues,Completed,"Hollywood, FL - City Limits;District 2;Code Enforcement Zone 4",2021-10-21 11:32:27,POINT (-80.144518 26.0016771)
283,Street Flooding Issues,26.003836,-80.144634,"1852 Washington St, Hollywood, FL, 33020",Select a Request Type=Street Flooding Issues,Completed,"Hollywood, FL - City Limits;District 2;Code Enforcement Zone 4",2021-10-15 19:05:56,POINT (-80.144634 26.003836)
284,Street Flooding Issues,26.0063884,-80.144314,"1842 Madison St, Hollywood, FL, 33020",Select a Request Type=Street Flooding Issues,Completed,"Hollywood, FL - City Limits;District 2;Code Enforcement Zone 204",2021-10-06 19:18:51,POINT (-80.144314 26.0063884)
285,Street Flooding Issues,26.0328484,-80.2462381,"7881 Raleigh St, Hollywood, FL, 33024",Select a Request Type=Street Flooding Issues,Completed,"Hollywood, FL - City Limits;District 5",2021-09-21 13:36:16,POINT (-80.2462381 26.0328484)
286,Street Flooding Issues,26.029363,-80.1639135,"2722 Scott St, Hollywood, FL, 33020",Select a Request Type=Street Flooding Issues,Duplicate,"Hollywood, FL - City Limits;District 3",2021-09-15 12:56:42,POINT (-80.1639135 26.029363)
287,Street Flooding Issues,26.012379,-80.124569,"939 Hollywood Blvd, Hollywood, FL, 33019",Select a Request Type=Street Flooding Issues,Completed,"Hollywood, FL - City Limits;District 1",2021-09-09 11:07:45,POINT (-80.124569 26.012379)
288,Street Flooding Issues,25.9988084,-80.1372707,"1513 Mayo St, Hollywood, FL, 33020",Select a Request Type=Street Flooding Issues,Completed,"Hollywood, FL - City Limits;District 1",2021-09-07 8:09:34,POINT (-80.1372707 25.9988084)
289,Street Flooding Issues,26.0105779,-80.1187369,"707 N Southlake Dr, Hollywood, FL 33019",Select a Request Type=Street Flooding Issues,Completed,"Hollywood, FL - City Limits;District 1",2021-08-22 10:13:41,POINT (-80.1187369 26.0105779)
290,Street Flooding Issues,26.0324917,-80.2460718,"7870 Raleigh St, Hollywood, FL 33024",Select a Request Type=Street Flooding Issues,Completed,"Hollywood, FL - City Limits;District 5",2021-07-28 23:20:39,POINT (-80.2460718 26.0324917)
291,Streetlights,26.0352431,-80.221217,"6604 Atlanta St, Hollywood, FL 33024",Select a Request Type=Streetlights,Completed,"Hollywood, FL - City Limits;District 4;Code Enforcement Zone 6",2023-04-12 17:46:38,POINT (-80.221217 26.0352431)
292,Streetlights,26.0109967,-80.1279177,"196 S 11th Ave, Hollywood, FL, 33019",Select a Request Type=Streetlights,Completed,"Hollywood, FL - City Limits;District 1;Code Enforcement Zone 2",2022-10-19 16:26:59,POINT (-80.1279177 26.0109967)
293,Streetlights,26.0170544,-80.2310364,"901 N 71st Terrace, Hollywood, FL 33024",Select a Request Type=Streetlights,Completed,"Hollywood, FL - City Limits;District 5;Code Enforcement Zone 11",2022-10-11 13:46:23,POINT (-80.2310364 26.0170544)
294,Structural (Internal),26.0133383,-80.1379954,"1520 Polk St, Hollywood, FL 33020",Select a Request Type=Structural (Internal),Completed,"Hollywood, FL - City Limits;District 1;Code Enforcement Zone 1",2022-11-22 16:37:42,POINT (-80.1379954 26.0133383)
295,Structural (Internal),26.04055,-80.2022372,"3400 N 56th Ave, Hollywood, FL 33021",Select a Request Type=Structural (Internal),Completed,"Hollywood, FL - City Limits;District 4;Code Enforcement Zone 6",2022-09-07 16:46:08,POINT (-80.2022372 26.04055)
296,Tree on Private Property,26.0282676,-80.1360474,"1419 Harding St, Hollywood, FL 33020",Select a Request Type=Tree on Private Property,In Process,"Hollywood, FL - City Limits;District 1;Code Enforcement Zone 1",2023-11-14 13:44:39,POINT (-80.1360474 26.0282676)
297,Tree on Public Property,26.0061168,-80.1277582,"1058 Jefferson St, Hollywood, FL 33019",Select a Request Type=Tree on Public Property,Completed,"Hollywood, FL - City Limits;District 1;Code Enforcement Zone 2",2023-08-29 16:46:04,POINT (-80.1277582 26.0061168)
298,Tree on Public Property,26.0136495,-80.1422042,"1777 Polk St, Hollywood, FL 33020",Select a Request Type=Tree on Public Property,In Process,"Hollywood, FL - City Limits;District 1;Code Enforcement Zone 1",2023-03-27 13:50:21,POINT (-80.1422042 26.0136495)
299,Utility Construction Issues,26.0089782,-80.134995,"1400 Jackson St, Hollywood, FL 33020",Select a Request Type=Utility Construction Issues,Completed,"Hollywood, FL - City Limits;District 1;Code Enforcement Zone 2",2024-03-25 12:37:07,POINT (-80.134995 26.0089782)
300,Utility Construction Issues,26.0237308,-80.1638431,"2811 McKinley St, Hollywood, FL 33020",Select a Request Type=Utility Construction Issues,Received,"Hollywood, FL - City Limits;District 3;Code Enforcement Zone 7",2024-03-21 9:43:38,POINT (-80.1638431 26.0237308)
301,Utility Construction Issues,26.0190049,-80.1313219,"1220 Johnson St, Hollywood, FL 33019",Select a Request Type=Utility Construction Issues,Completed,"Hollywood, FL - City Limits;District 1;Code Enforcement Zone 1",2024-02-27 11:25:33,POINT (-80.1313219 26.0190049)
302,Utility Construction Issues,26.0124428,-80.1354196,"1400 Tyler St, Hollywood, FL 33020",Select a Request Type=Utility Construction Issues,Completed,"Hollywood, FL - City Limits;District 1;Code Enforcement Zone 1",2023-10-03 12:59:49,POINT (-80.1354196 26.0124428)
303,Utility Construction Issues,26.0172022,-80.1295785,"1135 N North Lake Dr, Hollywood, FL 33019",Select a Request Type=Utility Construction Issues,Completed,"Hollywood, FL - City Limits;District 1;Code Enforcement Zone 1",2023-07-16 17:27:57,POINT (-80.1295785 26.0172022)
304,Utility Construction Issues,26.0285205,-80.1354656,"1407 Harding St, Hollywood, FL 33020",Select a Request Type=Utility Construction Issues,Completed,"Hollywood, FL - City Limits;District 1;Code Enforcement Zone 1",2023-06-06 20:59:19,POINT (-80.1354656 26.0285205)
305,Utility Construction Issues,26.0285205,-80.1354656,"1407 Harding St, Hollywood, FL 33020",Select a Request Type=Utility Construction Issues,Completed,"Hollywood, FL - City Limits;District 1;Code Enforcement Zone 1",2023-06-06 14:11:58,POINT (-80.1354656 26.0285205)
306,Utility Construction Issues,26.0279835,-80.1623294,"2667 Harding St, Hollywood, FL 33020",Select a Request Type=Utility Construction Issues,Completed,"Hollywood, FL - City Limits;District 3;Code Enforcement Zone 7",2023-05-18 17:38:27,POINT (-80.1623294 26.0279835)
307,Utility Construction Issues,26.0243725,-80.1910486,"4700 Roosevelt St, Hollywood, FL 33021",Select a Request Type=Utility Construction Issues,Completed,"Hollywood, FL - City Limits;District 3;Code Enforcement Zone 8",2023-05-11 11:56:22,POINT (-80.1910486 26.0243725)
308,Utility Construction Issues,26.0360753,-80.1764121,"3303 Simms St, Hollywood, FL 33021",Select a Request Type=Utility Construction Issues,Completed,"Hollywood, FL - City Limits;District 4;Code Enforcement Zone 5",2023-04-30 7:28:51,POINT (-80.1764121 26.0360753)
309,Utility Construction Issues,26.0326174,-80.2075143,"5951 Sheridan St, Hollywood, FL 33021",Select a Request Type=Utility Construction Issues,Completed,"Hollywood, FL - City Limits;District 4;Code Enforcement Zone 6",2023-02-03 11:26:06,POINT (-80.2075143 26.0326174)
310,Utility Construction Issues,25.999517,-80.1348664,"1402 S 14th Ave, Hollywood, FL 33020",Select a Request Type=Utility Construction Issues,Completed,"Hollywood, FL - City Limits;District 1;Code Enforcement Zone 2",2022-10-27 8:31:42,POINT (-80.1348664 25.999517)
311,Utility Construction Issues,26.0393056,-80.1926064,"4750 Sarazen Dr, Hollywood, FL 33021",Select a Request Type=Utility Construction Issues,Completed,"Hollywood, FL - City Limits;District 4;Code Enforcement Zone 5",2022-10-19 11:27:47,POINT (-80.1926064 26.0393056)
312,Utility Construction Issues,26.0250931,-80.1468053,"1948 Roosevelt St, Hollywood, FL 33020",Select a Request Type=Utility Construction Issues,Completed,"Hollywood, FL - City Limits;District 2;Code Enforcement Zone 3",2022-07-12 10:49:37,POINT (-80.1468053 26.0250931)
313,Utility Construction Issues,26.009731,-80.130558,"1200 Van Buren St, Hollywood, FL, 33019",Select a Request Type=Utility Construction Issues,Completed,"Hollywood, FL - City Limits;District 1;Code Enforcement Zone 2",2022-03-01 10:10:01,POINT (-80.130558 26.009731)
314,Utility Construction Issues,26.0113771,-80.1302265,"1156 Hollywood Blvd, Hollywood, FL, 330191502",Select a Request Type=Utility Construction Issues,Completed,"Hollywood, FL - City Limits;District 1;Code Enforcement Zone 2",2022-01-11 10:24:16,POINT (-80.1302265 26.0113771)
315,Utility Construction Issues,26.010455,-80.171693,"3206 Hollywood Blvd, Hollywood, FL, 33021",Select a Request Type=Utility Construction Issues,Completed,"Hollywood, FL - City Limits;District 6",2021-09-16 15:38:39,POINT (-80.171693 26.010455)
316,Utility Construction Issues,25.99963,-80.1539099,"1398 S 24th Ave, Hollywood, FL, 33020",Select a Request Type=Utility Construction Issues,Completed,"Hollywood, FL - City Limits;District 2",2021-09-14 12:52:32,POINT (-80.1539099 25.99963)
